Score,Title,Section
38,Bird Facts,Facts & FAQ
24,Snake Facts,Facts & FAQ
18,Spider Facts,Facts & FAQ
11,Bee Facts,Facts & FAQ
10,Fly Facts,Facts & FAQ
10,Bat Facts,Facts & FAQ
6,Squirrel Facts,Facts & FAQ
6,Rat Facts,Facts & FAQ
6,Ant Facts,Facts & FAQ
4,Scorpion Facts,Facts & FAQ
4,Mice Facts,Facts & FAQ
3,Raccoon Facts,Facts & FAQ
3,Possum Facts,Facts & FAQ
3,Lice Facts,Facts & FAQ
3,Cricket Facts,Facts & FAQ
2,Wasp Facts,Facts & FAQ
2,Skunk Facts,Facts & FAQ
2,Flea Facts,Facts & FAQ
2,Cockroach Facts,Facts & FAQ
1,Termite Facts,Facts & FAQ
1,Earwig Facts,Facts & FAQ
1,Bed Bug Facts,Facts & FAQ
39,Bed Bug Bites,Bites & Stings
28,Mosquito Bites,Bites & Stings
25,Spider Bites,Bites & Stings
21,Flea Bites,Bites & Stings
13,Wasp Sting,Bites & Stings
8,Chigger Bites,Bites & Stings
8,Ant Bites,Bites & Stings
6,Tick Bites,Bites & Stings
6,Brown Recluse Spider Bite,Bites & Stings
6,Bee Stings,Bites & Stings
5,Black Widow Bite,Bites & Stings
3,Fire Ant Bites,Bites & Stings
2,Wolf Spider Bite,Bites & Stings
2,Scorpion Sting,Bites & Stings
2,Centipede Bite,Bites & Stings
1,Hobo Spider Bite,Bites & Stings
34,Spider Identification,Identification
23,Snake Identification,Identification
22,Fly Identification,Identification
12,Tick Identification,Identification
12,Beetle Identification,Identification
8,Wasp Identification,Identification
8,Bee Identification,Identification
6,Ant Identification,Identification
5,Bed Bug Identification,Identification
5,Flying Ants vs Termites,Identification
4,Termite Identification,Identification
4,Cockroach Identification,Identification
2,Mite Identification,Identification
1,Scorpion Identification,Identification
40,How to Get Rid of Flies,Pest Control
33,How to Get Rid of Ants,Pest Control
31,How to Get Rid of Fleas,Pest Control
27,How to Get Rid of Bed Bugs,Pest Control
23,How to Get Rid of Gnats,Pest Control
21,How to Get Rid of Fruit Flies,Pest Control
16,How to Get Rid of Lice,Pest Control
13,How to Get Rid of Mice,Pest Control
11,How to Get Rid of Roaches,Pest Control
9,How to Get Rid of Moles,Pest Control
9,How to Get Rid of Mites,Pest Control
9,How to Get Rid of Bees,Pest Control
7,How to Get Rid of Spiders,Pest Control
6,How to Get Rid of Rats,Pest Control
5,How to Get Rid of Mosquitoes,Pest Control
5,How to Get Rid of House Flies,Pest Control
5,How to Get Rid of Beetles,Pest Control
4,How to Get Rid of Wasps,Pest Control
4,How to Get Rid of Ticks,Pest Control
4,How to Get Rid of Stink Bugs,Pest Control
4,How to Get Rid of Moths,Pest Control
3,How to Get Rid of Squirrels,Pest Control
3,How to Get Rid of Snakes,Pest Control
3,How to Get Rid of Termites,Pest Control
3,How to Get Rid of Chiggers,Pest Control
3,How to Get Rid of Crickets,Pest Control
3,How to Get Rid of Carpenter Bees,Pest Control
2,How to Get Rid of Skunks,Pest Control
2,How to Get Rid of Raccoons,Pest Control
2,How to Get Rid of Gophers,Pest Control
2,How to Get Rid of Birds,Pest Control
2,How to Get Rid of Bats,Pest Control
2,How to Get Rid of Hornets,Pest Control
2,How to Get Rid of Silverfish,Pest Control
2,How to Get Rid of Spider Mites,Pest Control
2,How to Get Rid of Maggots,Pest Control
2,How to Get Rid of Drain Flies,Pest Control
2,How to Get Rid of Earwigs,Pest Control
2,How to Get Rid of Centipedes,Pest Control
2,How to Get Rid of Ladybugs,Pest Control
2,How to Get Rid of Carpet Beetles,Pest Control
2,How to Get Rid of Aphids,Pest Control
2,How to Get Rid of Sugar Ants,Pest Control
2,How to Get Rid of Carpenter Ants,Pest Control
1,How to Get Rid of Possums,Pest Control
1,How to Get Rid of Woodpeckers,Pest Control
1,How to Get Rid of Pigeons,Pest Control
1,How to Get Rid of Yellow Jackets,Pest Control
1,How to Get Rid of Springtails,Pest Control
1,How to Get Rid of Wolf Spiders,Pest Control
1,How to Get Rid of Brown Recluse Spiders,Pest Control
1,How to Get Rid of Black Widows,Pest Control
1,How to Get Rid of Snails,Pest Control
1,How to Get Rid of Slugs,Pest Control
1,How to Get Rid of Scorpions,Pest Control
1,How to Get Rid of Pantry Moths,Pest Control
1,How to Get Rid of Dust Mites,Pest Control
1,How to Get Rid of Millipedes,Pest Control
1,How to Get Rid of Cluster Flies,Pest Control
1,How to Get Rid of Japanese Beetles,Pest Control
1,How to Get Rid of Flying Ants,Pest Control
1,How to Get Rid of Fire Ants,Pest Control
0,How to Get Rid of German Cockroaches,Pest Control
0,How to Get Rid of American Cockroaches,Pest Control
0,How to Get Rid of Clothes Moths,Pest Control
0,How to Get Rid of Phorid Flies,Pest Control
0,How to Get Rid of Box Elder Bugs,Pest Control
39,Bed Bug Bites,All Pages
28,Mosquito Bites,All Pages
25,Spider Bites,All Pages
21,Flea Bites,All Pages
13,Wasp Sting,All Pages
13,How to Get Rid of Flies,All Pages
11,How to Get Rid of Ants,All Pages
10,How to Get Rid of Fleas,All Pages
9,How to Get Rid of Bed Bugs,All Pages
8,Chigger Bites,All Pages
8,Ant Bites,All Pages
7,How to Get Rid of Gnats,All Pages
7,How to Get Rid of Fruit Flies,All Pages
6,Tick Bites,All Pages
6,Brown Recluse Spider Bite,All Pages
6,Bee Stings,All Pages
5,Black Widow Bite,All Pages
5,How to Get Rid of Lice,All Pages
4,Bird Facts,All Pages
4,How to Get Rid of Mice,All Pages
4,How to Get Rid of Roaches,All Pages
3,Snake Facts,All Pages
3,Fire Ant Bites,All Pages
3,How to Get Rid of Moles,All Pages
3,How to Get Rid of Mites,All Pages
3,How to Get Rid of Bees,All Pages
2,Spider Facts,All Pages
2,Wolf Spider Bite,All Pages
2,Scorpion Sting,All Pages
2,Centipede Bite,All Pages
2,Spider Identification,All Pages
2,How to Get Rid of Rats,All Pages
2,How to Get Rid of Spiders,All Pages
2,How to Get Rid of Mosquitoes,All Pages
2,How to Get Rid of House Flies,All Pages
2,How to Get Rid of Beetles,All Pages
1,Squirrel Facts,All Pages
1,Rat Facts,All Pages
1,Fly Facts,All Pages
1,Bee Facts,All Pages
1,Bat Facts,All Pages
1,Ant Facts,All Pages
1,Hobo Spider Bite,All Pages
1,Tick Identification,All Pages
1,Snake Identification,All Pages
1,Fly Identification,All Pages
1,Beetle Identification,All Pages
1,How to Get Rid of Squirrels,All Pages
1,How to Get Rid of Snakes,All Pages
1,How to Get Rid of Skunks,All Pages
1,How to Get Rid of Raccoons,All Pages
1,How to Get Rid of Gophers,All Pages
1,How to Get Rid of Birds,All Pages
1,How to Get Rid of Bats,All Pages
1,How to Get Rid of Hornets,All Pages
1,How to Get Rid of Wasps,All Pages
1,How to Get Rid of Ticks,All Pages
1,How to Get Rid of Termites,All Pages
1,How to Get Rid of Stink Bugs,All Pages
1,How to Get Rid of Silverfish,All Pages
1,How to Get Rid of Moths,All Pages
1,How to Get Rid of Chiggers,All Pages
1,How to Get Rid of Maggots,All Pages
1,How to Get Rid of Drain Flies,All Pages
1,How to Get Rid of Earwigs,All Pages
1,How to Get Rid of Crickets,All Pages
1,How to Get Rid of Centipedes,All Pages
1,How to Get Rid of Ladybugs,All Pages
1,How to Get Rid of Carpenter Bees,All Pages
1,How to Get Rid of Aphids,All Pages
1,How to Get Rid of Sugar Ants,All Pages
1,How to Get Rid of Carpenter Ants,All Pages
0,Wasp Facts,All Pages
0,Termite Facts,All Pages
0,Skunk Facts,All Pages
0,Scorpion Facts,All Pages
0,Raccoon Facts,All Pages
0,Possum Facts,All Pages
0,Mice Facts,All Pages
0,Lice Facts,All Pages
0,Flea Facts,All Pages
0,Earwig Facts,All Pages
0,Cricket Facts,All Pages
0,Cockroach Facts,All Pages
0,Bed Bug Facts,All Pages
0,Wasp Identification,All Pages
0,Termite Identification,All Pages
0,Scorpion Identification,All Pages
0,Mite Identification,All Pages
0,Cockroach Identification,All Pages
0,Bee Identification,All Pages
0,Bed Bug Identification,All Pages
0,Flying Ants vs Termites,All Pages
0,Ant Identification,All Pages
0,How to Get Rid of Possums,All Pages
0,How to Get Rid of Woodpeckers,All Pages
0,How to Get Rid of Pigeons,All Pages
0,How to Get Rid of Yellow Jackets,All Pages
0,How to Get Rid of Springtails,All Pages
0,How to Get Rid of Wolf Spiders,All Pages
0,How to Get Rid of Brown Recluse Spiders,All Pages
0,How to Get Rid of Black Widows,All Pages
0,How to Get Rid of Snails,All Pages
0,How to Get Rid of Slugs,All Pages
0,How to Get Rid of Scorpions,All Pages
0,How to Get Rid of German Cockroaches,All Pages
0,How to Get Rid of American Cockroaches,All Pages
0,How to Get Rid of Pantry Moths,All Pages
0,How to Get Rid of Clothes Moths,All Pages
0,How to Get Rid of Spider Mites,All Pages
0,How to Get Rid of Dust Mites,All Pages
0,How to Get Rid of Millipedes,All Pages
0,How to Get Rid of Phorid Flies,All Pages
0,How to Get Rid of Cluster Flies,All Pages
0,How to Get Rid of Box Elder Bugs,All Pages
0,How to Get Rid of Japanese Beetles,All Pages
0,How to Get Rid of Carpet Beetles,All Pages
0,How to Get Rid of Flying Ants,All Pages
0,How to Get Rid of Fire Ants,All Pages